{
  "值得": [
    2.455388069152832,
    -0.7922184467315674
  ],
  "偏貴": [
    2.4552721977233887,
    -0.7916823625564575
  ],
  "適合": [
    -3.6895949840545654,
    3.247905969619751
  ],
  "唯一": [
    2.4553024768829346,
    -0.7918512225151062
  ],
  "強大": [
    -2.2562522888183594,
    2.5474376678466797
  ],
  "迅速": [
    2.455183506011963,
    -0.7915648221969604
  ],
  "有限": [
    2.4443700313568115,
    -0.7971599698066711
  ],
  "突出": [
    2.449962615966797,
    -0.7886541485786438
  ],
  "日常": [
    -11.241543769836426,
    -5.913759708404541
  ],
  "還可以": [
    2.45661997795105,
    -0.7948673367500305
  ],
  "友善": [
    2.4557812213897705,
    -0.7925519347190857
  ],
  "靈敏": [
    -3.089075803756714,
    1.243865966796875
  ],
  "特別": [
    2.455411195755005,
    -0.7918565273284912
  ],
  "好用": [
    2.4457476139068604,
    -0.7867098450660706
  ],
  "不錯": [
    -2.7454662322998047,
    2.5162317752838135
  ],
  "便宜": [
    2.455510139465332,
    -0.792626142501831
  ],
  "精美": [
    -2.8291285037994385,
    3.132159471511841
  ],
  "高級": [
    2.440094470977783,
    -0.7832894921302795
  ],
  "差": [
    -1.2219241857528687,
    0.48242053389549255
  ],
  "難用": [
    -2.351658344268799,
    2.2387747764587402
  ]
}